iso_code,continent,location,date,total_cases,new_cases,total_deaths,new_deaths,total_cases_per_million,new_cases_per_million,total_deaths_per_million,new_deaths_per_million,new_tests,total_tests,total_tests_per_thousand,new_tests_per_thousand,new_tests_smoothed,new_tests_smoothed_per_thousand,positive_rate,tests_units,stringency_index,population,population_density,median_age,aged_65_older,aged_70_older,gdp_per_capita,cardiovasc_death_rate,diabetes_prevalence,female_smokers,male_smokers,life_expectancy,DateTime_Out,Entity,Code,Right_Date,Stay at home requirements (OxBSG),Right_DateTime_Out
AUS,Oceania,Australia,2020-04-06,5744.0,57.0,36.0,2.0,225.256,2.235,1.412,0.078,5509.0,302663.0,11.869,0.216,11305.0,0.443,0.021,tests performed,75.93,25499881.0,3.202,37.9,15.504,10.129,44648.71,107.791,5.07,13.0,16.5,83.44,2020-04-06,Australia,AUS,"Apr 6, 2020",2,2020-04-06
AUS,Oceania,Australia,2020-04-07,5844.0,100.0,42.0,6.0,229.178,3.922,1.647,0.235,8037.0,310700.0,12.184,0.315,10700.0,0.42,0.017,tests performed,75.93,25499881.0,3.202,37.9,15.504,10.129,44648.71,107.791,5.07,13.0,16.5,83.44,2020-04-07,Australia,AUS,"Apr 7, 2020",2,2020-04-07
AUS,Oceania,Australia,2020-04-08,5956.0,112.0,45.0,3.0,233.57,4.392,1.765,0.118,8668.0,319368.0,12.524,0.34,10185.0,0.399,0.018000000000000002,tests performed,75.93,25499881.0,3.202,37.9,15.504,10.129,44648.71,107.791,5.07,13.0,16.5,83.44,2020-04-08,Australia,AUS,"Apr 8, 2020",2,2020-04-08
AUS,Oceania,Australia,2020-04-09,6052.0,96.0,50.0,5.0,237.334,3.765,1.961,0.196,10766.0,330134.0,12.946,0.422,9970.0,0.391,0.015,tests performed,75.93,25499881.0,3.202,37.9,15.504,10.129,44648.71,107.791,5.07,13.0,16.5,83.44,2020-04-09,Australia,AUS,"Apr 9, 2020",2,2020-04-09
AUS,Oceania,Australia,2020-04-10,6152.0,100.0,52.0,2.0,241.256,3.922,2.039,0.078,8212.0,338346.0,13.269,0.322,9390.0,0.368,0.013999999999999999,tests performed,75.93,25499881.0,3.202,37.9,15.504,10.129,44648.71,107.791,5.07,13.0,16.5,83.44,2020-04-10,Australia,AUS,"Apr 10, 2020",2,2020-04-10
AUS,Oceania,Australia,2020-04-11,6238.0,86.0,54.0,2.0,244.629,3.373,2.118,0.078,9501.0,347847.0,13.641,0.373,8995.0,0.353,0.011000000000000001,tests performed,75.93,25499881.0,3.202,37.9,15.504,10.129,44648.71,107.791,5.07,13.0,16.5,83.44,2020-04-11,Australia,AUS,"Apr 11, 2020",2,2020-04-11
AUS,Oceania,Australia,2020-04-12,6289.0,51.0,57.0,3.0,246.629,2.0,2.235,0.118,6094.0,353941.0,13.88,0.239,8112.0,0.318,0.011000000000000001,tests performed,75.93,25499881.0,3.202,37.9,15.504,10.129,44648.71,107.791,5.07,13.0,16.5,83.44,2020-04-12,Australia,AUS,"Apr 12, 2020",2,2020-04-12
AUS,Oceania,Australia,2020-04-13,6322.0,33.0,61.0,4.0,247.923,1.294,2.392,0.157,8195.0,362136.0,14.201,0.321,8496.0,0.333,0.01,tests performed,75.93,25499881.0,3.202,37.9,15.504,10.129,44648.71,107.791,5.07,13.0,16.5,83.44,2020-04-13,Australia,AUS,"Apr 13, 2020",2,2020-04-13
AUS,Oceania,Australia,2020-04-14,6366.0,44.0,61.0,0.0,249.648,1.725,2.392,0.0,4357.0,366493.0,14.372,0.171,7970.0,0.313,0.009000000000000001,tests performed,75.93,25499881.0,3.202,37.9,15.504,10.129,44648.71,107.791,5.07,13.0,16.5,83.44,2020-04-14,Australia,AUS,"Apr 14, 2020",2,2020-04-14
AUS,Oceania,Australia,2020-04-15,6416.0,50.0,61.0,0.0,251.609,1.961,2.392,0.0,4884.0,371377.0,14.564,0.192,7430.0,0.291,0.009000000000000001,tests performed,75.93,25499881.0,3.202,37.9,15.504,10.129,44648.71,107.791,5.07,13.0,16.5,83.44,2020-04-15,Australia,AUS,"Apr 15, 2020",2,2020-04-15
AUS,Oceania,Australia,2020-04-16,6458.0,42.0,63.0,2.0,253.256,1.647,2.471,0.078,8626.0,380003.0,14.902,0.338,7124.0,0.279,0.008,tests performed,75.93,25499881.0,3.202,37.9,15.504,10.129,44648.71,107.791,5.07,13.0,16.5,83.44,2020-04-16,Australia,AUS,"Apr 16, 2020",2,2020-04-16
AUS,Oceania,Australia,2020-04-17,6497.0,39.0,63.0,0.0,254.786,1.529,2.471,0.0,11527.0,391530.0,15.354,0.452,7598.0,0.298,0.006,tests performed,75.93,25499881.0,3.202,37.9,15.504,10.129,44648.71,107.791,5.07,13.0,16.5,83.44,2020-04-17,Australia,AUS,"Apr 17, 2020",2,2020-04-17
AUS,Oceania,Australia,2020-04-18,6533.0,36.0,67.0,4.0,256.197,1.412,2.627,0.157,14980.0,406510.0,15.942,0.587,8380.0,0.329,0.005,tests performed,72.22,25499881.0,3.202,37.9,15.504,10.129,44648.71,107.791,5.07,13.0,16.5,83.44,2020-04-18,Australia,AUS,"Apr 18, 2020",2,2020-04-18
AUS,Oceania,Australia,2020-04-19,6586.0,53.0,69.0,2.0,258.276,2.078,2.706,0.078,14486.0,420996.0,16.51,0.568,9579.0,0.376,0.004,tests performed,72.22,25499881.0,3.202,37.9,15.504,10.129,44648.71,107.791,5.07,13.0,16.5,83.44,2020-04-19,Australia,AUS,"Apr 19, 2020",2,2020-04-19
AUS,Oceania,Australia,2020-04-20,6612.0,26.0,70.0,1.0,259.295,1.02,2.745,0.039,10738.0,431734.0,16.931,0.421,9943.0,0.39,0.004,tests performed,72.22,25499881.0,3.202,37.9,15.504,10.129,44648.71,107.791,5.07,13.0,16.5,83.44,2020-04-20,Australia,AUS,"Apr 20, 2020",2,2020-04-20
AUS,Oceania,Australia,2020-04-21,6625.0,13.0,71.0,1.0,259.805,0.51,2.784,0.039,8108.0,439842.0,17.249,0.318,10478.0,0.411,0.004,tests performed,72.22,25499881.0,3.202,37.9,15.504,10.129,44648.71,107.791,5.07,13.0,16.5,83.44,2020-04-21,Australia,AUS,"Apr 21, 2020",2,2020-04-21
AUS,Oceania,Australia,2020-04-22,6647.0,22.0,74.0,3.0,260.668,0.863,2.902,0.118,12599.0,452441.0,17.743,0.494,11581.0,0.454,0.003,tests performed,72.22,25499881.0,3.202,37.9,15.504,10.129,44648.71,107.791,5.07,13.0,16.5,83.44,2020-04-22,Australia,AUS,"Apr 22, 2020",2,2020-04-22
AUS,Oceania,Australia,2020-04-23,6654.0,7.0,74.0,0.0,260.942,0.275,2.902,0.0,14218.0,466659.0,18.3,0.558,12379.0,0.485,0.002,tests performed,72.22,25499881.0,3.202,37.9,15.504,10.129,44648.71,107.791,5.07,13.0,16.5,83.44,2020-04-23,Australia,AUS,"Apr 23, 2020",2,2020-04-23
AUS,Oceania,Australia,2020-04-24,6667.0,13.0,75.0,1.0,261.452,0.51,2.941,0.039,15711.0,482370.0,18.917,0.616,12977.0,0.509,0.002,tests performed,72.22,25499881.0,3.202,37.9,15.504,10.129,44648.71,107.791,5.07,13.0,16.5,83.44,2020-04-24,Australia,AUS,"Apr 24, 2020",2,2020-04-24
AUS,Oceania,Australia,2020-04-25,6687.0,20.0,79.0,4.0,262.237,0.784,3.098,0.157,11887.0,494257.0,19.383,0.466,12535.0,0.492,0.002,tests performed,72.22,25499881.0,3.202,37.9,15.504,10.129,44648.71,107.791,5.07,13.0,16.5,83.44,2020-04-25,Australia,AUS,"Apr 25, 2020",2,2020-04-25
AUS,Oceania,Australia,2020-04-26,6703.0,16.0,81.0,2.0,262.864,0.627,3.176,0.078,12192.0,506449.0,19.861,0.478,12208.0,0.479,0.001,tests performed,72.22,25499881.0,3.202,37.9,15.504,10.129,44648.71,107.791,5.07,13.0,16.5,83.44,2020-04-26,Australia,AUS,"Apr 26, 2020",2,2020-04-26
AUS,Oceania,Australia,2020-04-27,6713.0,10.0,83.0,2.0,263.256,0.392,3.255,0.078,10614.0,517063.0,20.277,0.416,12190.0,0.478,0.001,tests performed,72.22,25499881.0,3.202,37.9,15.504,10.129,44648.71,107.791,5.07,13.0,16.5,83.44,2020-04-27,Australia,AUS,"Apr 27, 2020",2,2020-04-27
AUS,Oceania,Australia,2020-04-28,6725.0,12.0,84.0,1.0,263.727,0.471,3.294,0.039,13616.0,530679.0,20.811,0.534,12977.0,0.509,0.001,tests performed,72.22,25499881.0,3.202,37.9,15.504,10.129,44648.71,107.791,5.07,13.0,16.5,83.44,2020-04-28,Australia,AUS,"Apr 28, 2020",2,2020-04-28
AUS,Oceania,Australia,2020-04-29,6738.0,13.0,88.0,4.0,264.237,0.51,3.451,0.157,13731.0,544410.0,21.35,0.538,13138.0,0.515,0.001,tests performed,72.22,25499881.0,3.202,37.9,15.504,10.129,44648.71,107.791,5.07,13.0,16.5,83.44,2020-04-29,Australia,AUS,"Apr 29, 2020",2,2020-04-29
AUS,Oceania,Australia,2020-04-30,6746.0,8.0,90.0,2.0,264.55,0.314,3.529,0.078,19231.0,563641.0,22.104,0.754,13855.0,0.543,0.001,tests performed,72.22,25499881.0,3.202,37.9,15.504,10.129,44648.71,107.791,5.07,13.0,16.5,83.44,2020-04-30,Australia,AUS,"Apr 30, 2020",2,2020-04-30
AUS,Oceania,Australia,2020-05-01,6762.0,16.0,92.0,2.0,265.178,0.627,3.608,0.078,25227.0,588868.0,23.093,0.989,15214.0,0.597,0.001,tests performed,72.22,25499881.0,3.202,37.9,15.504,10.129,44648.71,107.791,5.07,13.0,16.5,83.44,2020-05-01,Australia,AUS,"May 1, 2020",2,2020-05-01
AUS,Oceania,Australia,2020-05-02,6767.0,5.0,93.0,1.0,265.374,0.196,3.647,0.039,22715.0,611583.0,23.984,0.891,16761.0,0.657,0.001,tests performed,72.22,25499881.0,3.202,37.9,15.504,10.129,44648.71,107.791,5.07,13.0,16.5,83.44,2020-05-02,Australia,AUS,"May 2, 2020",2,2020-05-02
AUS,Oceania,Australia,2020-05-03,6783.0,16.0,93.0,0.0,266.001,0.627,3.647,0.0,21524.0,633107.0,24.828,0.844,18094.0,0.71,0.001,tests performed,72.22,25499881.0,3.202,37.9,15.504,10.129,44648.71,107.791,5.07,13.0,16.5,83.44,2020-05-03,Australia,AUS,"May 3, 2020",2,2020-05-03
AUS,Oceania,Australia,2020-05-04,6801.0,18.0,95.0,2.0,266.707,0.706,3.726,0.078,17107.0,650214.0,25.499,0.671,19022.0,0.746,0.001,tests performed,72.22,25499881.0,3.202,37.9,15.504,10.129,44648.71,107.791,5.07,13.0,16.5,83.44,2020-05-04,Australia,AUS,"May 4, 2020",2,2020-05-04
AUS,Oceania,Australia,2020-05-05,6825.0,24.0,95.0,0.0,267.648,0.941,3.726,0.0,14542.0,664756.0,26.069,0.57,19154.0,0.751,0.001,tests performed,72.22,25499881.0,3.202,37.9,15.504,10.129,44648.71,107.791,5.07,13.0,16.5,83.44,2020-05-05,Australia,AUS,"May 5, 2020",2,2020-05-05
AUS,Oceania,Australia,2020-05-06,6849.0,24.0,96.0,1.0,268.589,0.941,3.765,0.039,23900.0,688656.0,27.006,0.937,20607.0,0.808,0.001,tests performed,72.22,25499881.0,3.202,37.9,15.504,10.129,44648.71,107.791,5.07,13.0,16.5,83.44,2020-05-06,Australia,AUS,"May 6, 2020",2,2020-05-06
AUS,Oceania,Australia,2020-05-07,6875.0,26.0,97.0,1.0,269.609,1.02,3.804,0.039,33893.0,722549.0,28.335,1.329,22701.0,0.89,0.001,tests performed,72.22,25499881.0,3.202,37.9,15.504,10.129,44648.71,107.791,5.07,13.0,16.5,83.44,2020-05-07,Australia,AUS,"May 7, 2020",2,2020-05-07
AUS,Oceania,Australia,2020-05-08,6896.0,21.0,97.0,0.0,270.433,0.824,3.804,0.0,34701.0,757250.0,29.696,1.361,24055.0,0.943,0.001,tests performed,72.22,25499881.0,3.202,37.9,15.504,10.129,44648.71,107.791,5.07,13.0,16.5,83.44,2020-05-08,Australia,AUS,"May 8, 2020",2,2020-05-08
AUS,Oceania,Australia,2020-05-09,6914.0,18.0,97.0,0.0,271.139,0.706,3.804,0.0,38206.0,795456.0,31.194,1.498,26268.0,1.03,0.001,tests performed,72.22,25499881.0,3.202,37.9,15.504,10.129,44648.71,107.791,5.07,13.0,16.5,83.44,2020-05-09,Australia,AUS,"May 9, 2020",2,2020-05-09
AUS,Oceania,Australia,2020-05-10,6929.0,15.0,97.0,0.0,271.727,0.588,3.804,0.0,32416.0,827872.0,32.466,1.271,27824.0,1.091,0.001,tests performed,72.22,25499881.0,3.202,37.9,15.504,10.129,44648.71,107.791,5.07,13.0,16.5,83.44,2020-05-10,Australia,AUS,"May 10, 2020",2,2020-05-10
AUS,Oceania,Australia,2020-05-11,6941.0,12.0,97.0,0.0,272.197,0.471,3.804,0.0,27247.0,855119.0,33.534,1.069,29272.0,1.148,0.001,tests performed,72.22,25499881.0,3.202,37.9,15.504,10.129,44648.71,107.791,5.07,13.0,16.5,83.44,2020-05-11,Australia,AUS,"May 11, 2020",2,2020-05-11
AUS,Oceania,Australia,2020-05-12,6948.0,7.0,97.0,0.0,272.472,0.275,3.804,0.0,22808.0,877927.0,34.429,0.894,30453.0,1.194,0.001,tests performed,72.22,25499881.0,3.202,37.9,15.504,10.129,44648.71,107.791,5.07,13.0,16.5,83.44,2020-05-12,Australia,AUS,"May 12, 2020",2,2020-05-12
AUS,Oceania,Australia,2020-05-13,6964.0,16.0,97.0,0.0,273.099,0.627,3.804,0.0,31098.0,909025.0,35.648,1.22,31481.0,1.235,0.001,tests performed,72.22,25499881.0,3.202,37.9,15.504,10.129,44648.71,107.791,5.07,13.0,16.5,83.44,2020-05-13,Australia,AUS,"May 13, 2020",2,2020-05-13
AUS,Oceania,Australia,2020-05-14,6975.0,11.0,98.0,1.0,273.531,0.431,3.843,0.039,34455.0,943480.0,36.999,1.351,31562.0,1.238,0.0,tests performed,72.22,25499881.0,3.202,37.9,15.504,10.129,44648.71,107.791,5.07,13.0,16.5,83.44,2020-05-14,Australia,AUS,"May 14, 2020",2,2020-05-14
AUS,Oceania,Australia,2020-05-15,6989.0,14.0,98.0,0.0,274.08,0.549,3.843,0.0,40336.0,983816.0,38.581,1.582,32367.0,1.269,0.0,tests performed,68.52,25499881.0,3.202,37.9,15.504,10.129,44648.71,107.791,5.07,13.0,16.5,83.44,2020-05-15,Australia,AUS,"May 15, 2020",1,2020-05-15
AUS,Oceania,Australia,2020-05-16,7019.0,30.0,98.0,0.0,275.256,1.176,3.843,0.0,31836.0,1015652.0,39.83,1.248,31457.0,1.234,0.0,tests performed,67.13,25499881.0,3.202,37.9,15.504,10.129,44648.71,107.791,5.07,13.0,16.5,83.44,2020-05-16,Australia,AUS,"May 16, 2020",1,2020-05-16
AUS,Oceania,Australia,2020-05-17,7036.0,17.0,98.0,0.0,275.923,0.667,3.843,0.0,26474.0,1042126.0,40.868,1.038,30608.0,1.2,0.0,tests performed,67.13,25499881.0,3.202,37.9,15.504,10.129,44648.71,107.791,5.07,13.0,16.5,83.44,2020-05-17,Australia,AUS,"May 17, 2020",1,2020-05-17
AUS,Oceania,Australia,2020-05-18,7045.0,9.0,98.0,0.0,276.276,0.353,3.843,0.0,19908.0,1062034.0,41.649,0.781,29559.0,1.159,0.001,tests performed,67.13,25499881.0,3.202,37.9,15.504,10.129,44648.71,107.791,5.07,13.0,16.5,83.44,2020-05-18,Australia,AUS,"May 18, 2020",1,2020-05-18
AUS,Oceania,Australia,2020-05-19,7060.0,15.0,99.0,1.0,276.864,0.588,3.882,0.039,23836.0,1085870.0,42.583,0.935,29706.0,1.165,0.001,tests performed,67.13,25499881.0,3.202,37.9,15.504,10.129,44648.71,107.791,5.07,13.0,16.5,83.44,2020-05-19,Australia,AUS,"May 19, 2020",1,2020-05-19
AUS,Oceania,Australia,2020-05-20,7068.0,8.0,99.0,0.0,277.178,0.314,3.882,0.0,25697.0,1111567.0,43.591,1.008,28935.0,1.135,0.001,tests performed,67.13,25499881.0,3.202,37.9,15.504,10.129,44648.71,107.791,5.07,13.0,16.5,83.44,2020-05-20,Australia,AUS,"May 20, 2020",1,2020-05-20
AUS,Oceania,Australia,2020-05-21,7079.0,11.0,100.0,1.0,277.609,0.431,3.922,0.039,26117.0,1137684.0,44.615,1.024,27743.0,1.088,0.001,tests performed,67.13,25499881.0,3.202,37.9,15.504,10.129,44648.71,107.791,5.07,13.0,16.5,83.44,2020-05-21,Australia,AUS,"May 21, 2020",1,2020-05-21
AUS,Oceania,Australia,2020-05-22,7081.0,2.0,100.0,0.0,277.688,0.078,3.922,0.0,32998.0,1170682.0,45.909,1.294,26695.0,1.047,0.0,tests performed,67.13,25499881.0,3.202,37.9,15.504,10.129,44648.71,107.791,5.07,13.0,16.5,83.44,2020-05-22,Australia,AUS,"May 22, 2020",1,2020-05-22
AUS,Oceania,Australia,2020-05-23,7095.0,14.0,101.0,1.0,278.237,0.549,3.961,0.039,21580.0,1192262.0,46.756,0.846,25230.0,0.989,0.0,tests performed,67.13,25499881.0,3.202,37.9,15.504,10.129,44648.71,107.791,5.07,13.0,16.5,83.44,2020-05-23,Australia,AUS,"May 23, 2020",1,2020-05-23
AUS,Oceania,Australia,2020-05-24,7106.0,11.0,102.0,1.0,278.668,0.431,4.0,0.039,32533.0,1224795.0,48.031,1.276,26096.0,1.023,0.0,tests performed,67.13,25499881.0,3.202,37.9,15.504,10.129,44648.71,107.791,5.07,13.0,16.5,83.44,2020-05-24,Australia,AUS,"May 24, 2020",1,2020-05-24
AUS,Oceania,Australia,2020-05-25,7109.0,3.0,102.0,0.0,278.786,0.118,4.0,0.0,19405.0,1244200.0,48.792,0.761,26024.0,1.021,0.0,tests performed,65.28,25499881.0,3.202,37.9,15.504,10.129,44648.71,107.791,5.07,13.0,16.5,83.44,2020-05-25,Australia,AUS,"May 25, 2020",1,2020-05-25
AUS,Oceania,Australia,2020-05-26,7118.0,9.0,102.0,0.0,279.139,0.353,4.0,0.0,44023.0,1288223.0,50.519,1.726,28908.0,1.134,0.0,tests performed,65.28,25499881.0,3.202,37.9,15.504,10.129,44648.71,107.791,5.07,13.0,16.5,83.44,2020-05-26,Australia,AUS,"May 26, 2020",1,2020-05-26
AUS,Oceania,Australia,2020-05-27,7133.0,15.0,102.0,0.0,279.727,0.588,4.0,0.0,50098.0,1338321.0,52.483,1.965,32393.0,1.27,0.0,tests performed,65.28,25499881.0,3.202,37.9,15.504,10.129,44648.71,107.791,5.07,13.0,16.5,83.44,2020-05-27,Australia,AUS,"May 27, 2020",1,2020-05-27
AUS,Oceania,Australia,2020-05-28,7139.0,6.0,102.0,0.0,279.962,0.235,4.0,0.0,29123.0,1367444.0,53.626,1.142,32823.0,1.287,0.0,tests performed,65.28,25499881.0,3.202,37.9,15.504,10.129,44648.71,107.791,5.07,13.0,16.5,83.44,2020-05-28,Australia,AUS,"May 28, 2020",1,2020-05-28
AUS,Oceania,Australia,2020-05-29,7150.0,11.0,102.0,0.0,280.393,0.431,4.0,0.0,30178.0,1397622.0,54.809,1.183,32420.0,1.271,0.0,tests performed,63.43,25499881.0,3.202,37.9,15.504,10.129,44648.71,107.791,5.07,13.0,16.5,83.44,2020-05-29,Australia,AUS,"May 29, 2020",0,2020-05-29
AUS,Oceania,Australia,2020-05-30,7173.0,23.0,102.0,0.0,281.295,0.902,4.0,0.0,30916.0,1428538.0,56.021,1.212,33754.0,1.324,0.0,tests performed,63.43,25499881.0,3.202,37.9,15.504,10.129,44648.71,107.791,5.07,13.0,16.5,83.44,2020-05-30,Australia,AUS,"May 30, 2020",0,2020-05-30
AUS,Oceania,Australia,2020-05-31,7185.0,12.0,102.0,0.0,281.766,0.471,4.0,0.0,26030.0,1454568.0,57.042,1.021,32825.0,1.287,0.0,tests performed,63.43,25499881.0,3.202,37.9,15.504,10.129,44648.71,107.791,5.07,13.0,16.5,83.44,2020-05-31,Australia,AUS,"May 31, 2020",0,2020-05-31
AUS,Oceania,Australia,2020-06-01,7195.0,10.0,102.0,0.0,282.158,0.392,4.0,0.0,17652.0,1472220.0,57.734,0.692,32574.0,1.277,0.0,tests performed,62.04,25499881.0,3.202,37.9,15.504,10.129,44648.71,107.791,5.07,13.0,16.5,83.44,2020-06-01,Australia,AUS,"Jun 1, 2020",0,2020-06-01
AUS,Oceania,Australia,2020-06-02,7204.0,9.0,102.0,0.0,282.511,0.353,4.0,0.0,18167.0,1490387.0,58.447,0.712,28881.0,1.133,0.0,tests performed,62.04,25499881.0,3.202,37.9,15.504,10.129,44648.71,107.791,5.07,13.0,16.5,83.44,2020-06-02,Australia,AUS,"Jun 2, 2020",0,2020-06-02
AUS,Oceania,Australia,2020-06-03,7221.0,17.0,102.0,0.0,283.178,0.667,4.0,0.0,22313.0,1512700.0,59.322,0.875,24911.0,0.977,0.001,tests performed,62.04,25499881.0,3.202,37.9,15.504,10.129,44648.71,107.791,5.07,13.0,16.5,83.44,2020-06-03,Australia,AUS,"Jun 3, 2020",0,2020-06-03
AUS,Oceania,Australia,2020-06-04,7229.0,8.0,102.0,0.0,283.492,0.314,4.0,0.0,33629.0,1546329.0,60.641,1.319,25555.0,1.002,0.001,tests performed,62.04,25499881.0,3.202,37.9,15.504,10.129,44648.71,107.791,5.07,13.0,16.5,83.44,2020-06-04,Australia,AUS,"Jun 4, 2020",0,2020-06-04
AUS,Oceania,Australia,2020-06-05,7240.0,11.0,102.0,0.0,283.923,0.431,4.0,0.0,32863.0,1579192.0,61.929,1.289,25939.0,1.017,0.0,tests performed,62.04,25499881.0,3.202,37.9,15.504,10.129,44648.71,107.791,5.07,13.0,16.5,83.44,2020-06-05,Australia,AUS,"Jun 5, 2020",0,2020-06-05
AUS,Oceania,Australia,2020-06-06,7251.0,11.0,102.0,0.0,284.354,0.431,4.0,0.0,11396.0,1590588.0,62.376,0.447,23150.0,0.908,0.0,tests performed,62.04,25499881.0,3.202,37.9,15.504,10.129,44648.71,107.791,5.07,13.0,16.5,83.44,2020-06-06,Australia,AUS,"Jun 6, 2020",0,2020-06-06
AUS,Oceania,Australia,2020-06-07,7255.0,4.0,102.0,0.0,284.511,0.157,4.0,0.0,26874.0,1617462.0,63.43,1.054,23271.0,0.913,0.0,tests performed,62.04,25499881.0,3.202,37.9,15.504,10.129,44648.71,107.791,5.07,13.0,16.5,83.44,2020-06-07,Australia,AUS,"Jun 7, 2020",0,2020-06-07
AUS,Oceania,Australia,2020-06-08,7260.0,5.0,102.0,0.0,284.707,0.196,4.0,0.0,16053.0,1633515.0,64.06,0.63,23042.0,0.904,0.0,tests performed,62.04,25499881.0,3.202,37.9,15.504,10.129,44648.71,107.791,5.07,13.0,16.5,83.44,2020-06-08,Australia,AUS,"Jun 8, 2020",0,2020-06-08
AUS,Oceania,Australia,2020-06-09,7265.0,5.0,102.0,0.0,284.903,0.196,4.0,0.0,17169.0,1650684.0,64.733,0.673,22900.0,0.898,0.0,tests performed,56.48,25499881.0,3.202,37.9,15.504,10.129,44648.71,107.791,5.07,13.0,16.5,83.44,2020-06-09,Australia,AUS,"Jun 9, 2020",0,2020-06-09
AUS,Oceania,Australia,2020-06-10,7267.0,2.0,102.0,0.0,284.982,0.078,4.0,0.0,29270.0,1679954.0,65.881,1.148,23893.0,0.937,0.0,tests performed,56.48,25499881.0,3.202,37.9,15.504,10.129,44648.71,107.791,5.07,13.0,16.5,83.44,2020-06-10,Australia,AUS,"Jun 10, 2020",0,2020-06-10
AUS,Oceania,Australia,2020-06-11,7276.0,9.0,102.0,0.0,285.335,0.353,4.0,0.0,31269.0,1711223.0,67.107,1.226,23556.0,0.924,0.0,tests performed,56.48,25499881.0,3.202,37.9,15.504,10.129,44648.71,107.791,5.07,13.0,16.5,83.44,2020-06-11,Australia,AUS,"Jun 11, 2020",0,2020-06-11
AUS,Oceania,Australia,2020-06-12,7285.0,9.0,102.0,0.0,285.688,0.353,4.0,0.0,34327.0,1745550.0,68.453,1.346,23765.0,0.932,0.0,tests performed,46.76,25499881.0,3.202,37.9,15.504,10.129,44648.71,107.791,5.07,13.0,16.5,83.44,2020-06-12,Australia,AUS,"Jun 12, 2020",0,2020-06-12
AUS,Oceania,Australia,2020-06-13,7290.0,5.0,102.0,0.0,285.884,0.196,4.0,0.0,37101.0,1782651.0,69.908,1.455,27438.0,1.076,0.0,tests performed,46.76,25499881.0,3.202,37.9,15.504,10.129,44648.71,107.791,5.07,13.0,16.5,83.44,2020-06-13,Australia,AUS,"Jun 13, 2020",0,2020-06-13
AUS,Oceania,Australia,2020-06-14,7302.0,12.0,102.0,0.0,286.354,0.471,4.0,0.0,29702.0,1812353.0,71.073,1.165,27842.0,1.092,0.0,tests performed,46.76,25499881.0,3.202,37.9,15.504,10.129,44648.71,107.791,5.07,13.0,16.5,83.44,2020-06-14,Australia,AUS,"Jun 14, 2020",0,2020-06-14
AUS,Oceania,Australia,2020-06-15,7320.0,18.0,102.0,0.0,287.06,0.706,4.0,0.0,15796.0,1828149.0,71.692,0.619,27805.0,1.09,0.0,tests performed,46.76,25499881.0,3.202,37.9,15.504,10.129,44648.71,107.791,5.07,13.0,16.5,83.44,2020-06-15,Australia,AUS,"Jun 15, 2020",0,2020-06-15
AUS,Oceania,Australia,2020-06-16,7335.0,15.0,102.0,0.0,287.648,0.588,4.0,0.0,20198.0,1848347.0,72.485,0.792,28238.0,1.107,0.0,tests performed,46.76,25499881.0,3.202,37.9,15.504,10.129,44648.71,107.791,5.07,13.0,16.5,83.44,2020-06-16,Australia,AUS,"Jun 16, 2020",0,2020-06-16
AUS,Oceania,Australia,2020-06-17,7347.0,12.0,102.0,0.0,288.119,0.471,4.0,0.0,27770.0,1876117.0,73.574,1.089,28023.0,1.099,0.0,tests performed,46.76,25499881.0,3.202,37.9,15.504,10.129,44648.71,107.791,5.07,13.0,16.5,83.44,2020-06-17,Australia,AUS,"Jun 17, 2020",0,2020-06-17
AUS,Oceania,Australia,2020-06-18,7370.0,23.0,102.0,0.0,289.021,0.902,4.0,0.0,51380.0,1927497.0,75.588,2.015,30896.0,1.212,0.0,tests performed,46.76,25499881.0,3.202,37.9,15.504,10.129,44648.71,107.791,5.07,13.0,16.5,83.44,2020-06-18,Australia,AUS,"Jun 18, 2020",0,2020-06-18
AUS,Oceania,Australia,2020-06-19,7391.0,21.0,102.0,0.0,289.844,0.824,4.0,0.0,42708.0,1970205.0,77.263,1.675,32094.0,1.259,0.0,tests performed,46.76,25499881.0,3.202,37.9,15.504,10.129,44648.71,107.791,5.07,13.0,16.5,83.44,2020-06-19,Australia,AUS,"Jun 19, 2020",0,2020-06-19
AUS,Oceania,Australia,2020-06-20,7409.0,18.0,102.0,0.0,290.55,0.706,4.0,0.0,35173.0,2005378.0,78.643,1.379,31818.0,1.248,0.001,tests performed,46.76,25499881.0,3.202,37.9,15.504,10.129,44648.71,107.791,5.07,13.0,16.5,83.44,2020-06-20,Australia,AUS,"Jun 20, 2020",0,2020-06-20
AUS,Oceania,Australia,2020-06-21,7436.0,27.0,102.0,0.0,291.609,1.059,4.0,0.0,35946.0,2041324.0,80.052,1.41,32710.0,1.283,0.001,tests performed,46.76,25499881.0,3.202,37.9,15.504,10.129,44648.71,107.791,5.07,13.0,16.5,83.44,2020-06-21,Australia,AUS,"Jun 21, 2020",0,2020-06-21
AUS,Oceania,Australia,2020-06-22,7461.0,25.0,102.0,0.0,292.59,0.98,4.0,0.0,66525.0,2107849.0,82.661,2.609,39957.0,1.567,0.001,tests performed,46.76,25499881.0,3.202,37.9,15.504,10.129,44648.71,107.791,5.07,13.0,16.5,83.44,2020-06-22,Australia,AUS,"Jun 22, 2020",0,2020-06-22
AUS,Oceania,Australia,2020-06-23,7474.0,13.0,102.0,0.0,293.099,0.51,4.0,0.0,24972.0,2132821.0,83.64,0.979,40639.0,1.594,0.0,tests performed,52.31,25499881.0,3.202,37.9,15.504,10.129,44648.71,107.791,5.07,13.0,16.5,83.44,2020-06-23,Australia,AUS,"Jun 23, 2020",0,2020-06-23
AUS,Oceania,Australia,2020-06-24,7492.0,18.0,102.0,0.0,293.805,0.706,4.0,0.0,47603.0,2180424.0,85.507,1.867,43472.0,1.705,0.0,tests performed,52.31,25499881.0,3.202,37.9,15.504,10.129,44648.71,107.791,5.07,13.0,16.5,83.44,2020-06-24,Australia,AUS,"Jun 24, 2020",0,2020-06-24
AUS,Oceania,Australia,2020-06-25,7521.0,29.0,103.0,1.0,294.943,1.137,4.039,0.039,51917.0,2232341.0,87.543,2.036,43549.0,1.708,0.0,tests performed,52.31,25499881.0,3.202,37.9,15.504,10.129,44648.71,107.791,5.07,13.0,16.5,83.44,2020-06-25,Australia,AUS,"Jun 25, 2020",0,2020-06-25
AUS,Oceania,Australia,2020-06-26,7558.0,37.0,104.0,1.0,296.394,1.451,4.078,0.039,49498.0,2281839.0,89.484,1.941,44519.0,1.746,0.001,tests performed,52.31,25499881.0,3.202,37.9,15.504,10.129,44648.71,107.791,5.07,13.0,16.5,83.44,2020-06-26,Australia,AUS,"Jun 26, 2020",0,2020-06-26
AUS,Oceania,Australia,2020-06-27,7595.0,37.0,104.0,0.0,297.845,1.451,4.078,0.0,54222.0,2336061.0,91.611,2.126,47240.0,1.853,0.001,tests performed,52.31,25499881.0,3.202,37.9,15.504,10.129,44648.71,107.791,5.07,13.0,16.5,83.44,2020-06-27,Australia,AUS,"Jun 27, 2020",0,2020-06-27
AUS,Oceania,Australia,2020-06-28,7641.0,46.0,104.0,0.0,299.648,1.804,4.078,0.0,43114.0,2379175.0,93.301,1.691,48264.0,1.893,0.001,tests performed,52.31,25499881.0,3.202,37.9,15.504,10.129,44648.71,107.791,5.07,13.0,16.5,83.44,2020-06-28,Australia,AUS,"Jun 28, 2020",0,2020-06-28
AUS,Oceania,Australia,2020-06-29,7686.0,45.0,104.0,0.0,301.413,1.765,4.078,0.0,36520.0,2415695.0,94.734,1.432,43978.0,1.725,0.001,tests performed,52.31,25499881.0,3.202,37.9,15.504,10.129,44648.71,107.791,5.07,13.0,16.5,83.44,2020-06-29,Australia,AUS,"Jun 29, 2020",0,2020-06-29
AUS,Oceania,Australia,2020-06-30,7767.0,81.0,104.0,0.0,304.59,3.176,4.078,0.0,40287.0,2455982.0,96.313,1.58,46166.0,1.81,0.001,tests performed,52.31,25499881.0,3.202,37.9,15.504,10.129,44648.71,107.791,5.07,13.0,16.5,83.44,2020-06-30,Australia,AUS,"Jun 30, 2020",0,2020-06-30
AUS,Oceania,Australia,2020-07-01,7834.0,67.0,104.0,0.0,307.217,2.627,4.078,0.0,49941.0,2505923.0,98.272,1.958,46500.0,1.824,0.001,tests performed,68.98,25499881.0,3.202,37.9,15.504,10.129,44648.71,107.791,5.07,13.0,16.5,83.44,2020-07-01,Australia,AUS,"Jul 1, 2020",2,2020-07-01
AUS,Oceania,Australia,2020-07-02,7920.0,86.0,104.0,0.0,310.59,3.373,4.078,0.0,57859.0,2563782.0,100.541,2.269,47349.0,1.857,0.001,tests performed,68.98,25499881.0,3.202,37.9,15.504,10.129,44648.71,107.791,5.07,13.0,16.5,83.44,2020-07-02,Australia,AUS,"Jul 2, 2020",2,2020-07-02
AUS,Oceania,Australia,2020-07-03,8001.0,81.0,104.0,0.0,313.766,3.176,4.078,0.0,54078.0,2617860.0,102.662,2.121,48003.0,1.882,0.001,tests performed,68.98,25499881.0,3.202,37.9,15.504,10.129,44648.71,107.791,5.07,13.0,16.5,83.44,2020-07-03,Australia,AUS,"Jul 3, 2020",2,2020-07-03
AUS,Oceania,Australia,2020-07-04,8255.0,254.0,104.0,0.0,323.727,9.961,4.078,0.0,50176.0,2668036.0,104.629,1.968,47425.0,1.86,0.002,tests performed,68.98,25499881.0,3.202,37.9,15.504,10.129,44648.71,107.791,5.07,13.0,16.5,83.44,2020-07-04,Australia,AUS,"Jul 4, 2020",2,2020-07-04
AUS,Oceania,Australia,2020-07-05,8362.0,107.0,104.0,0.0,327.923,4.196,4.078,0.0,45399.0,2713435.0,106.41,1.78,47751.0,1.873,0.002,tests performed,68.98,25499881.0,3.202,37.9,15.504,10.129,44648.71,107.791,5.07,13.0,16.5,83.44,2020-07-05,Australia,AUS,"Jul 5, 2020",2,2020-07-05
AUS,Oceania,Australia,2020-07-06,8449.0,87.0,104.0,0.0,331.335,3.412,4.078,0.0,45730.0,2759165.0,108.203,1.793,49067.0,1.924,0.002,tests performed,68.98,25499881.0,3.202,37.9,15.504,10.129,44648.71,107.791,5.07,13.0,16.5,83.44,2020-07-06,Australia,AUS,"Jul 6, 2020",2,2020-07-06
AUS,Oceania,Australia,2020-07-07,8586.0,137.0,106.0,2.0,336.707,5.373,4.157,0.078,41942.0,2801107.0,109.848,1.645,49304.0,1.933,0.002,tests performed,68.98,25499881.0,3.202,37.9,15.504,10.129,44648.71,107.791,5.07,13.0,16.5,83.44,2020-07-07,Australia,AUS,"Jul 7, 2020",2,2020-07-07
AUS,Oceania,Australia,2020-07-08,8755.0,169.0,106.0,0.0,343.335,6.627,4.157,0.0,55299.0,2856406.0,112.016,2.169,50069.0,1.963,0.003,tests performed,72.69,25499881.0,3.202,37.9,15.504,10.129,44648.71,107.791,5.07,13.0,16.5,83.44,2020-07-08,Australia,AUS,"Jul 8, 2020",3,2020-07-08
AUS,Oceania,Australia,2020-07-09,8886.0,131.0,106.0,0.0,348.472,5.137,4.157,0.0,54425.0,2910831.0,114.151,2.134,49578.0,1.944,0.003,tests performed,72.69,25499881.0,3.202,37.9,15.504,10.129,44648.71,107.791,5.07,13.0,16.5,83.44,2020-07-09,Australia,AUS,"Jul 9, 2020",3,2020-07-09
AUS,Oceania,Australia,2020-07-10,9059.0,173.0,106.0,0.0,355.257,6.784,4.157,0.0,59437.0,2970268.0,116.482,2.331,50344.0,1.974,0.003,tests performed,72.69,25499881.0,3.202,37.9,15.504,10.129,44648.71,107.791,5.07,13.0,16.5,83.44,2020-07-10,Australia,AUS,"Jul 10, 2020",3,2020-07-10
AUS,Oceania,Australia,2020-07-11,9359.0,300.0,106.0,0.0,367.021,11.765,4.157,0.0,51225.0,3021493.0,118.49,2.009,50494.0,1.98,0.003,tests performed,72.69,25499881.0,3.202,37.9,15.504,10.129,44648.71,107.791,5.07,13.0,16.5,83.44,2020-07-11,Australia,AUS,"Jul 11, 2020",3,2020-07-11
AUS,Oceania,Australia,2020-07-12,9553.0,194.0,107.0,1.0,374.629,7.608,4.196,0.039,53995.0,3075488.0,120.608,2.117,51722.0,2.028,0.003,tests performed,72.69,25499881.0,3.202,37.9,15.504,10.129,44648.71,107.791,5.07,13.0,16.5,83.44,2020-07-12,Australia,AUS,"Jul 12, 2020",3,2020-07-12
AUS,Oceania,Australia,2020-07-13,9797.0,244.0,108.0,1.0,384.198,9.569,4.235,0.039,42300.0,3117788.0,122.267,1.659,51232.0,2.009,0.004,tests performed,68.98,25499881.0,3.202,37.9,15.504,10.129,44648.71,107.791,5.07,13.0,16.5,83.44,2020-07-13,Australia,AUS,"Jul 13, 2020",3,2020-07-13
AUS,Oceania,Australia,2020-07-14,9980.0,183.0,108.0,0.0,391.374,7.177,4.235,0.0,44449.0,3162237.0,124.01,1.743,51590.0,2.023,0.004,tests performed,68.98,25499881.0,3.202,37.9,15.504,10.129,44648.71,107.791,5.07,13.0,16.5,83.44,2020-07-14,Australia,AUS,"Jul 14, 2020",3,2020-07-14
AUS,Oceania,Australia,2020-07-15,10251.0,271.0,108.0,0.0,402.002,10.628,4.235,0.0,59904.0,3222141.0,126.359,2.349,52248.0,2.049,0.004,tests performed,68.98,25499881.0,3.202,37.9,15.504,10.129,44648.71,107.791,5.07,13.0,16.5,83.44,2020-07-15,Australia,AUS,"Jul 15, 2020",3,2020-07-15
AUS,Oceania,Australia,2020-07-16,10495.0,244.0,111.0,3.0,411.571,9.569,4.353,0.118,65575.0,3287716.0,128.931,2.572,53841.0,2.111,0.004,tests performed,68.06,25499881.0,3.202,37.9,15.504,10.129,44648.71,107.791,5.07,13.0,16.5,83.44,2020-07-16,Australia,AUS,"Jul 16, 2020",2,2020-07-16
AUS,Oceania,Australia,2020-07-17,10810.0,315.0,113.0,2.0,423.924,12.353,4.431,0.078,62728.0,3350444.0,131.391,2.46,54311.0,2.13,0.005,tests performed,68.06,25499881.0,3.202,37.9,15.504,10.129,44648.71,107.791,5.07,13.0,16.5,83.44,2020-07-17,Australia,AUS,"Jul 17, 2020",2,2020-07-17
AUS,Oceania,Australia,2020-07-18,11235.0,425.0,116.0,3.0,440.59,16.667,4.549,0.118,63387.0,3413831.0,133.876,2.486,56048.0,2.198,0.005,tests performed,68.06,25499881.0,3.202,37.9,15.504,10.129,44648.71,107.791,5.07,13.0,16.5,83.44,2020-07-18,Australia,AUS,"Jul 18, 2020",2,2020-07-18
AUS,Oceania,Australia,2020-07-19,11441.0,206.0,118.0,2.0,448.669,8.078,4.627,0.078,62632.0,3476463.0,136.333,2.456,57282.0,2.246,0.005,tests performed,68.06,25499881.0,3.202,37.9,15.504,10.129,44648.71,107.791,5.07,13.0,16.5,83.44,2020-07-19,Australia,AUS,"Jul 19, 2020",2,2020-07-19
AUS,Oceania,Australia,2020-07-20,11802.0,361.0,122.0,4.0,462.826,14.157,4.784,0.157,57962.0,3534425.0,138.606,2.273,59520.0,2.334,0.005,tests performed,68.06,25499881.0,3.202,37.9,15.504,10.129,44648.71,107.791,5.07,13.0,16.5,83.44,2020-07-20,Australia,AUS,"Jul 20, 2020",2,2020-07-20
AUS,Oceania,Australia,2020-07-21,12069.0,267.0,123.0,1.0,473.296,10.471,4.824,0.039,56310.0,3590735.0,140.814,2.208,61214.0,2.401,0.005,tests performed,68.06,25499881.0,3.202,37.9,15.504,10.129,44648.71,107.791,5.07,13.0,16.5,83.44,2020-07-21,Australia,AUS,"Jul 21, 2020",2,2020-07-21
AUS,Oceania,Australia,2020-07-22,12428.0,359.0,126.0,3.0,487.375,14.078,4.941,0.118,59794.0,3650529.0,143.159,2.345,61198.0,2.4,0.005,tests performed,68.06,25499881.0,3.202,37.9,15.504,10.129,44648.71,107.791,5.07,13.0,16.5,83.44,2020-07-22,Australia,AUS,"Jul 22, 2020",2,2020-07-22
AUS,Oceania,Australia,2020-07-23,12896.0,468.0,128.0,2.0,505.728,18.353,5.02,0.078,69308.0,3719837.0,145.877,2.718,61732.0,2.421,0.006,tests performed,68.06,25499881.0,3.202,37.9,15.504,10.129,44648.71,107.791,5.07,13.0,16.5,83.44,2020-07-23,Australia,AUS,"Jul 23, 2020",2,2020-07-23
AUS,Oceania,Australia,2020-07-24,13306.0,410.0,133.0,5.0,521.806,16.079,5.216,0.196,75584.0,3795421.0,148.841,2.964,63568.0,2.493,0.006,tests performed,68.06,25499881.0,3.202,37.9,15.504,10.129,44648.71,107.791,5.07,13.0,16.5,83.44,2020-07-24,Australia,AUS,"Jul 24, 2020",2,2020-07-24
AUS,Oceania,Australia,2020-07-25,13595.0,289.0,139.0,6.0,533.14,11.333,5.451,0.235,64084.0,3859505.0,151.354,2.513,63668.0,2.497,0.005,tests performed,68.06,25499881.0,3.202,37.9,15.504,10.129,44648.71,107.791,5.07,13.0,16.5,83.44,2020-07-25,Australia,AUS,"Jul 25, 2020",2,2020-07-25
AUS,Oceania,Australia,2020-07-26,13950.0,355.0,145.0,6.0,547.061,13.922,5.686,0.235,75619.0,3935124.0,154.319,2.965,65523.0,2.57,0.005,tests performed,68.06,25499881.0,3.202,37.9,15.504,10.129,44648.71,107.791,5.07,13.0,16.5,83.44,2020-07-26,Australia,AUS,"Jul 26, 2020",2,2020-07-26
AUS,Oceania,Australia,2020-07-27,14403.0,453.0,155.0,10.0,564.826,17.765,6.078,0.392,51966.0,3987090.0,156.357,2.038,64666.0,2.536,0.006,tests performed,68.06,25499881.0,3.202,37.9,15.504,10.129,44648.71,107.791,5.07,13.0,16.5,83.44,2020-07-27,Australia,AUS,"Jul 27, 2020",2,2020-07-27
